array,address_hex,address_decimal,word_hex,word_binary
DATA_ARRAY_0,0x00,0,0xB0945FAF,10110000100101000101111110101111
DATA_ARRAY_0,0x01,1,0x693A0F5D,01101001001110100000111101011101
DATA_ARRAY_0,0x02,2,0xA7495D83,10100111010010010101110110000011
DATA_ARRAY_0,0x03,3,0x708F6226,01110000100011110110001000100110
DATA_ARRAY_0,0x04,4,0x98F51F25,10011000111101010001111100100101
DATA_ARRAY_0,0x05,5,0x05DE2913,00000101110111100010100100010011
DATA_ARRAY_0,0x06,6,0x93893382,10010011100010010011001110000010
DATA_ARRAY_0,0x07,7,0x0825960A,00001000001001011001011000001010
DATA_ARRAY_0,0x08,8,0xE16AD255,11100001011010101101001001010101
DATA_ARRAY_0,0x09,9,0x46F74B5C,01000110111101110100101101011100
DATA_ARRAY_0,0x0A,10,0x7F52CD04,01111111010100101100110100000100
DATA_ARRAY_0,0x0B,11,0x619D1EC2,01100001100111010001111011000010
DATA_ARRAY_0,0x0C,12,0x67A6003A,01100111101001100000000000111010
DATA_ARRAY_0,0x0D,13,0x0E2FB6A8,00001110001011111011011010101000
DATA_ARRAY_0,0x0E,14,0x87E84797,10000111111010000100011110010111
DATA_ARRAY_0,0x0F,15,0x078709F3,00000111100001110000100111110011
DATA_ARRAY_0,0x10,16,0x4C24E092,01001100001001001110000010010010
DATA_ARRAY_0,0x11,17,0xBE4226E7,10111110010000100010011011100111
DATA_ARRAY_0,0x12,18,0x96D39870,10010110110100111001100001110000
DATA_ARRAY_0,0x13,19,0xC4D7FA7B,11000100110101111111101001111011
DATA_ARRAY_0,0x14,20,0x0F5136E4,00001111010100010011011011100100
DATA_ARRAY_0,0x15,21,0x8F2608F5,10001111001001100000100011110101
DATA_ARRAY_0,0x16,22,0x2708D775,00100111000010001101011101110101
DATA_ARRAY_0,0x17,23,0x8B758F86,10001011011101011000111110000110
DATA_ARRAY_0,0x18,24,0x60A7AF00,01100000101001111010111100000000
DATA_ARRAY_0,0x19,25,0x775F98B7,01110111010111111001100010110111
DATA_ARRAY_0,0x1A,26,0xD9B667BF,11011001101101100110011110111111
DATA_ARRAY_0,0x1B,27,0x7738F0E6,01110111001110001111000011100110
DATA_ARRAY_0,0x1C,28,0x1C76F977,00011100011101101111100101110111
DATA_ARRAY_0,0x1D,29,0x3842067A,00111000010000100000011001111010
DATA_ARRAY_0,0x1E,30,0x03C47F83,00000011110001000111111110000011
DATA_ARRAY_0,0x1F,31,0x407C7E78,01000000011111000111111001111000
DATA_ARRAY_0,0x20,32,0x00060404,00000000000001100000010000000100
DATA_ARRAY_0,0x21,33,0x46C003D1,01000110110000000000001111010001
DATA_ARRAY_0,0x22,34,0x40440780,01000000010001000000011110000000
DATA_ARRAY_0,0x23,35,0x05027868,00000101000000100111100001101000
DATA_ARRAY_0,0x24,36,0x02787838,00000010011110000111100000111000
DATA_ARRAY_0,0x25,37,0x845C2584,10000100010111000010010110000100
DATA_ARRAY_0,0x26,38,0x01428787,00000001010000101000011110000111
DATA_ARRAY_0,0x27,39,0x007D8000,00000000011111011000000000000000
DATA_ARRAY_0,0x28,40,0x7F87F500,01111111100001111111010100000000
DATA_ARRAY_0,0x29,41,0x78000001,01111000000000000000000000000001
DATA_ARRAY_0,0x2A,42,0x04078478,00000100000001111000010001111000
DATA_ARRAY_0,0x2B,43,0x8047F824,10000000010001111111100000100100
DATA_ARRAY_0,0x2C,44,0x7043FFC7,01110000010000111111111111000111
DATA_ARRAY_0,0x2D,45,0x3807E460,00111000000001111110010001100000
DATA_ARRAY_0,0x2E,46,0x78004002,01111000000000000100000000000010
DATA_ARRAY_0,0x2F,47,0x06A27F9C,00000110101000100111111110011100
DATA_ARRAY_0,0x30,48,0x43800478,01000011100000000000010001111000
DATA_ARRAY_0,0x31,49,0x447C0005,01000100011111000000000000000101
DATA_ARRAY_0,0x32,50,0x40042280,01000000000001000010001010000000
DATA_ARRAY_0,0x33,51,0x43C7F840,01000011110001111111100001000000
DATA_ARRAY_0,0x34,52,0x87E7BC38,10000111111001111011110000111000
DATA_ARRAY_0,0x35,53,0x00000603,00000000000000000000011000000011
DATA_ARRAY_0,0x36,54,0x287805C4,00101000011110000000010111000100
DATA_ARRAY_0,0x37,55,0x00418006,00000000010000011000000000000110
DATA_ARRAY_0,0x38,56,0x7A078584,01111010000001111000010110000100
DATA_ARRAY_0,0x39,57,0x4023FA42,01000000001000111111101001000010
DATA_ARRAY_0,0x3A,58,0x7C000404,01111100000000000000010000000100
DATA_ARRAY_0,0x3B,59,0x627FD005,01100010011111111101000000000101
DATA_ARRAY_0,0x3C,60,0x80041DC4,10000000000001000001110111000100
DATA_ARRAY_0,0x3D,61,0x043FA203,00000100001111111010001000000011
DATA_ARRAY_0,0x3E,62,0x43C00566,01000011110000000000010101100110
DATA_ARRAY_0,0x3F,63,0x67C70000,01100111110001110000000000000000
DATA_ARRAY_0,0x40,64,0x78078798,01111000000001111000011110011000
DATA_ARRAY_0,0x41,65,0xA07F8678,10100000011111111000011001111000
DATA_ARRAY_0,0x42,66,0x25B002C7,00100101101100000000001011000111
DATA_ARRAY_0,0x43,67,0x27964466,00100111100101100100010001100110
DATA_ARRAY_0,0x44,68,0x65C78100,01100101110001111000000100000000
DATA_ARRAY_0,0x45,69,0xFF827504,11111111100000100111010100000100
DATA_ARRAY_0,0x46,70,0x78C3F859,01111000110000111111100001011001
DATA_ARRAY_0,0x47,71,0x85C3D21C,10000101110000111101001000011100
DATA_ARRAY_0,0x48,72,0xC4422012,11000100010000100010000000010010
DATA_ARRAY_0,0x49,73,0x0C037E3F,00001100000000110111111000111111
DATA_ARRAY_0,0x4A,74,0xA7607A7C,10100111011000000111101001111100
DATA_ARRAY_0,0x4B,75,0xDBC1F805,11011011110000011111100000000101
DATA_ARRAY_0,0x4C,76,0x84607DE3,10000100011000000111110111100011
DATA_ARRAY_0,0x4D,77,0x7D0079A7,01111101000000000111100110100111
DATA_ARRAY_0,0x4E,78,0xDDD3BC22,11011101110100111011110000100010
DATA_ARRAY_0,0x4F,79,0x3DA40503,00111101101001000000010100000011
DATA_ARRAY_0,0x50,80,0xBBFBDBDA,10111011111110111101101111011010
DATA_ARRAY_0,0x51,81,0x795EE47D,01111001010111101110010001111101
DATA_ARRAY_0,0x52,82,0x39A7DB1F,00111001101001111101101100011111
DATA_ARRAY_0,0x53,83,0x1807A27E,00011000000001111010001001111110
DATA_ARRAY_0,0x54,84,0x0026007B,00000000001001100000000001111011
DATA_ARRAY_0,0x55,85,0xE9C7A23A,11101001110001111010001000111010
DATA_ARRAY_0,0x56,86,0x3BED061D,00111011111011010000011000011101
DATA_ARRAY_0,0x57,87,0x2663DA3E,00100110011000111101101000111110
DATA_ARRAY_0,0x58,88,0xFF9DA3B8,11111111100111011010001110111000
DATA_ARRAY_0,0x59,89,0x7805C727,01111000000001011100011100100111
DATA_ARRAY_0,0x5A,90,0x861E23B9,10000110000111100010001110111001
DATA_ARRAY_0,0x5B,91,0x5A380071,01011010001110000000000001110001
DATA_ARRAY_0,0x5C,92,0xA7BE7800,10100111101111100111100000000000
DATA_ARRAY_0,0x5D,93,0xB9059B81,10111001000001011001101110000001
DATA_ARRAY_0,0x5E,94,0x5A0385DB,01011010000000111000010111011011
DATA_ARRAY_0,0x5F,95,0x238C24A6,00100011100011000010010010100110
DATA_ARRAY_0,0x60,96,0x65971062,01100101100101110001000001100010
DATA_ARRAY_0,0x61,97,0xE3F986B8,11100011111110011000011010111000
DATA_ARRAY_0,0x62,98,0xB806F987,10111000000001101111100110000111
DATA_ARRAY_0,0x63,99,0x63A6805D,01100011101001101000000001011101
DATA_ARRAY_0,0x64,100,0x8394039C,10000011100101000000001110011100
DATA_ARRAY_0,0x65,101,0xE425E07A,11100100001001011110000001111010
DATA_ARRAY_0,0x66,102,0x140383DB,00010100000000111000001111011011
DATA_ARRAY_0,0x67,103,0x4747DED6,01000111010001111101111011010110
DATA_ARRAY_0,0x68,104,0xD9A4783E,11011001101001000111100000111110
DATA_ARRAY_0,0x69,105,0x80087DBB,10000000000010000111110110111011
DATA_ARRAY_0,0x6A,106,0x39780147,00111001011110000000000101000111
DATA_ARRAY_0,0x6B,107,0x059E0267,00000101100111100000001001100111
DATA_ARRAY_0,0x6C,108,0x3E1A107D,00111110000110100001000001111101
DATA_ARRAY_0,0x6D,109,0xBDBA63BA,10111101101110100110001110111010
DATA_ARRAY_0,0x6E,110,0x015E57F3,00000001010111100101011111110011
DATA_ARRAY_0,0x6F,111,0xBD27DEDF,10111101001001111101111011011111
DATA_ARRAY_0,0x70,112,0xDD001E79,11011101000000000001111001111001
DATA_ARRAY_0,0x71,113,0x87C7A005,10000111110001111010000000000101
DATA_ARRAY_0,0x72,114,0xB0205E39,10110000001000000101111000111001
DATA_ARRAY_0,0x73,115,0xDBE80585,11011011111010000000010110000101
DATA_ARRAY_0,0x74,116,0xA65FDA3D,10100110010111111101101000111101
DATA_ARRAY_0,0x75,117,0xA13DB5BB,10100001001111011011010110111011
DATA_ARRAY_0,0x76,118,0x7845E717,01111000010001011110011100010111
DATA_ARRAY_0,0x77,119,0x8016243D,10000000000101100010010000111101
DATA_ARRAY_0,0x78,120,0x5EB802D1,01011110101110000000001011010001
DATA_ARRAY_0,0x79,121,0x98670680,10011000011001110000011010000000
DATA_ARRAY_0,0x7A,122,0xD28195B3,11010010100000011001010110110011
DATA_ARRAY_0,0x7B,123,0x84404593,10000100010000000100010110010011
DATA_ARRAY_0,0x7C,124,0x5A0A427F,01011010000010100100001001111111
DATA_ARRAY_0,0x7D,125,0x063BA221,00000110001110111010001000100001
DATA_ARRAY_0,0x7E,126,0x5FFC4680,01011111111111000100011010000000
DATA_ARRAY_0,0x7F,127,0xC0072380,11000000000001110010001110000000
DATA_ARRAY_0,0x80,128,0x00C50001,00000000110001010000000000000001
DATA_ARRAY_0,0x81,129,0x06187A44,00000110000110000111101001000100
DATA_ARRAY_0,0x82,130,0x04061258,00000100000001100001001001011000
DATA_ARRAY_0,0x83,131,0x86020004,10000110000000100000000000000100
DATA_ARRAY_0,0x84,132,0x41B83DFB,01000001101110000011110111111011
DATA_ARRAY_0,0x85,133,0x047E8004,00000100011111101000000000000100
DATA_ARRAY_0,0x86,134,0x0334787A,00000011001101000111100001111010
DATA_ARRAY_0,0x87,135,0x06000580,00000110000000000000010110000000
DATA_ARRAY_0,0x88,136,0x805C07F8,10000000010111000000011111111000
DATA_ARRAY_0,0x89,137,0x00004103,00000000000000000100000100000011
DATA_ARRAY_0,0x8A,138,0xC6784040,11000110011110000100000001000000
DATA_ARRAY_0,0x8B,139,0xB987F807,10111001100001111111100000000111
DATA_ARRAY_0,0x8C,140,0x03F80403,00000011111110000000010000000011
DATA_ARRAY_0,0x8D,141,0xF0040602,11110000000001000000011000000010
DATA_ARRAY_0,0x8E,142,0x00420781,00000000010000100000011110000001
DATA_ARRAY_0,0x8F,143,0x3847FB00,00111000010001111111101100000000
DATA_ARRAY_0,0x90,144,0x00120444,00000000000100100000010001000100
DATA_ARRAY_0,0x91,145,0x000007C0,00000000000000000000011111000000
DATA_ARRAY_0,0x92,146,0x00000000,00000000000000000000000000000000
DATA_ARRAY_0,0x93,147,0x00000000,00000000000000000000000000000000
DATA_ARRAY_0,0x94,148,0x00000000,00000000000000000000000000000000
DATA_ARRAY_0,0x95,149,0x00000000,00000000000000000000000000000000
DATA_ARRAY_0,0x96,150,0x00000000,00000000000000000000000000000000
DATA_ARRAY_0,0x97,151,0x00000000,00000000000000000000000000000000
DATA_ARRAY_0,0x98,152,0x00000000,00000000000000000000000000000000
DATA_ARRAY_0,0x99,153,0x91999800,10010001100110011001100000000000
DATA_ARRAY_0,0x9A,154,0x00018181,00000000000000011000000110000001
DATA_ARRAY_0,0x9B,155,0x00000000,00000000000000000000000000000000
DATA_ARRAY_0,0x9C,156,0x00000000,00000000000000000000000000000000
DATA_ARRAY_0,0x9D,157,0x62666000,01100010011001100110000000000000
DATA_ARRAY_0,0x9E,158,0x00006060,00000000000000000110000001100000
DATA_ARRAY_0,0x9F,159,0x00000000,00000000000000000000000000000000
DATA_ARRAY_0,0xA0,160,0x00000000,00000000000000000000000000000000
DATA_ARRAY_0,0xA1,161,0xF0F33800,11110000111100110011100000000000
DATA_ARRAY_0,0xA2,162,0x128BF5EC,00010010100010111111010111101100
DATA_ARRAY_0,0xA3,163,0x2741EBB6,00100111010000011110101110110110
DATA_ARRAY_0,0xA4,164,0xE92BB06D,11101001001010111011000001101101
DATA_ARRAY_0,0xA5,165,0x11EC44D4,00010001111011000100010011010100
DATA_ARRAY_0,0xA6,166,0x1EA3E4AE,00011110101000111110010010101110
DATA_ARRAY_0,0xA7,167,0xBBC52273,10111011110001010010001001110011
DATA_ARRAY_0,0xA8,168,0x71267040,01110001001001100111000001000000
DATA_ARRAY_0,0xA9,169,0x04B2C152,00000100101100101100000101010010
DATA_ARRAY_0,0xAA,170,0x2D5A4AA1,00101101010110100100101010100001
DATA_ARRAY_0,0xAB,171,0xDEE96B9C,11011110111010010110101110011100
DATA_ARRAY_0,0xAC,172,0xEA59A088,11101010010110011010000010001000
DATA_ARRAY_0,0xAD,173,0x33A3D84F,00110011101000111101100001001111
DATA_ARRAY_0,0xAE,174,0xF4C0074C,11110100110000000000011101001100
DATA_ARRAY_0,0xAF,175,0xC5F6D50C,11000101111101101101010100001100
DATA_ARRAY_0,0xB0,176,0xFD08F2E1,11111101000010001111001011100001
DATA_ARRAY_0,0xB1,177,0xF0E13E70,11110000111000010011111001110000
DATA_ARRAY_0,0xB2,178,0x849C1240,10000100100111000001001001000000
DATA_ARRAY_0,0xB3,179,0xC844DCE9,11001000010001001101110011101001
DATA_ARRAY_0,0xB4,180,0xDA730E17,11011010011100110000111000010111
DATA_ARRAY_0,0xB5,181,0x9AFF4F72,10011010111111110100111101110010
DATA_ARRAY_0,0xB6,182,0xEA26DC98,11101010001001101101110010011000
DATA_ARRAY_0,0xB7,183,0xE4C11EA1,11100100110000010001111010100001
DATA_ARRAY_0,0xB8,184,0xE11AEEB1,11100001000110101110111010110001
DATA_ARRAY_0,0xB9,185,0x6EB1F0C4,01101110101100011111000011000100
DATA_ARRAY_0,0xBA,186,0x14F5E011,00010100111101011110000000010001
DATA_ARRAY_0,0xBB,187,0xEBF316EC,11101011111100110001011011101100
DATA_ARRAY_0,0xBC,188,0x36CCF7EE,00110110110011001111011111101110
DATA_ARRAY_0,0xBD,189,0xE71E1CDB,11100111000111100001110011011011
DATA_ARRAY_0,0xBE,190,0x8EDF2EEE,10001110110111110010111011101110
DATA_ARRAY_0,0xBF,191,0x0840CF43,00001000010000001100111101000011
DATA_ARRAY_0,0xC0,192,0x788FF067,01111000100011111111000001100111
DATA_ARRAY_0,0xC1,193,0x0F8FCF00,00001111100011111100111100000000
DATA_ARRAY_0,0xC2,194,0x00C08088,00000000110000001000000010001000
DATA_ARRAY_0,0xC3,195,0xD8007A20,11011000000000000111101000100000
DATA_ARRAY_0,0xC4,196,0x0880F008,00001000100000001111000000001000
DATA_ARRAY_0,0xC5,197,0xA04F0D08,10100000010011110000110100001000
DATA_ARRAY_0,0xC6,198,0x4F0F0700,01001111000011110000011100000000
DATA_ARRAY_0,0xC7,199,0x8B84B080,10001011100001001011000010000000
DATA_ARRAY_0,0xC8,200,0x2850F0F0,00101000010100001111000011110000
DATA_ARRAY_0,0xC9,201,0x0FB00000,00001111101100000000000000000000
DATA_ARRAY_0,0xCA,202,0xF0FEA000,11110000111111101010000000000000
DATA_ARRAY_0,0xCB,203,0x0000002F,00000000000000000000000000101111
DATA_ARRAY_0,0xCC,204,0x80F08F0F,10000000111100001000111100001111
DATA_ARRAY_0,0xCD,205,0x08FF0480,00001000111111110000010010000000
DATA_ARRAY_0,0xCE,206,0x087FF8F0,00001000011111111111100011110000
DATA_ARRAY_0,0xCF,207,0x00FC8C0E,00000000111111001000110000001110
DATA_ARRAY_0,0xD0,208,0x00080047,00000000000010000000000001000111
DATA_ARRAY_0,0xD1,209,0xD44FF38F,11010100010011111111001110001111
DATA_ARRAY_0,0xD2,210,0x70008F00,01110000000000001000111100000000
DATA_ARRAY_0,0xD3,211,0x8F8000A8,10001111100000000000000010101000
DATA_ARRAY_0,0xD4,212,0x00845008,00000000100001000101000000001000
DATA_ARRAY_0,0xD5,213,0x78FF0808,01111000111111110000100000001000
DATA_ARRAY_0,0xD6,214,0xFCF78708,11111100111101111000011100001000
DATA_ARRAY_0,0xD7,215,0x0000C070,00000000000000001100000001110000
DATA_ARRAY_0,0xD8,216,0x0F00B880,00001111000000001011100010000000
DATA_ARRAY_0,0xD9,217,0x083000C5,00001000001100000000000011000101
DATA_ARRAY_0,0xDA,218,0x40F0B080,01000000111100001011000010000000
DATA_ARRAY_0,0xDB,219,0x047F484F,00000100011111110100100001001111
DATA_ARRAY_0,0xDC,220,0x80008088,10000000000000001000000010001000
DATA_ARRAY_0,0xDD,221,0x4FFA00AF,01001111111110100000000010101111
DATA_ARRAY_0,0xDE,222,0x0083B88C,00000000100000111011100010001100
DATA_ARRAY_0,0xDF,223,0x87F44070,10000111111101000100000001110000
DATA_ARRAY_0,0xE0,224,0x7800ACC0,01111000000000001010110011000000
DATA_ARRAY_0,0xE1,225,0xF8E00008,11111000111000000000000000001000
DATA_ARRAY_0,0xE2,226,0x00F0F30C,00000000111100001111001100001100
DATA_ARRAY_0,0xE3,227,0x0FF0CF0F,00001111111100001100111100001111
DATA_ARRAY_0,0xE4,228,0xB60058F4,10110110000000000101100011110100
DATA_ARRAY_0,0xE5,229,0xF2C88CC4,11110010110010001000110011000100
DATA_ARRAY_0,0xE6,230,0xB8F02004,10111000111100000010000000000100
DATA_ARRAY_0,0xE7,231,0xF04EA08C,11110000010011101010000010001100
DATA_ARRAY_0,0xE8,232,0x187F0B3F,00011000011111110000101100111111
DATA_ARRAY_0,0xE9,233,0xB87A438F,10111000011110100100001110001111
DATA_ARRAY_0,0xEA,234,0x88440250,10001000010001000000001001010000
DATA_ARRAY_0,0xEB,235,0x806FC7F8,10000000011011111100011111111000
DATA_ARRAY_0,0xEC,236,0xEC0F4F81,11101100000011110100111110000001
DATA_ARRAY_0,0xED,237,0x783F00B4,01111000001111110000000010110100
DATA_ARRAY_0,0xEE,238,0x8C0FBC7B,10001100000011111011110001111011
DATA_ARRAY_0,0xEF,239,0xA00F34F0,10100000000011110011010011110000
DATA_ARRAY_0,0xF0,240,0xBA77844F,10111010011101111000010001001111
DATA_ARRAY_0,0xF1,241,0xB480A07B,10110100100000001010000001111011
DATA_ARRAY_0,0xF2,242,0x7F7B7B47,01111111011110110111101101000111
DATA_ARRAY_0,0xF3,243,0x2BDC8FB7,00101011110111001000111110110111
DATA_ARRAY_0,0xF4,244,0x34FB63EF,00110100111110110110001111101111
DATA_ARRAY_0,0xF5,245,0x00F44FC7,00000000111101000100111111000111
DATA_ARRAY_0,0xF6,246,0x04C00F63,00000100110000000000111101100011
DATA_ARRAY_0,0xF7,247,0x38F44740,00111000111101000100011101000000
DATA_ARRAY_0,0xF8,248,0x7DA0C3BD,01111101101000001100001110111101
DATA_ARRAY_0,0xF9,249,0xCC7B47C7,11001100011110110100011111000111
DATA_ARRAY_0,0xFA,250,0xF3B47704,11110011101101000111011100000100
DATA_ARRAY_0,0xFB,251,0x00B8E4FF,00000000101110001110010011111111
DATA_ARRAY_0,0xFC,252,0xC3C4772F,11000011110001000111011100101111
DATA_ARRAY_0,0xFD,253,0x47000E30,01000111000000000000111000110000
DATA_ARRAY_0,0xFE,254,0xF7CF000B,11110111110011110000000000001011
DATA_ARRAY_0,0xFF,255,0x20B37034,00100000101100110111000000110100
DATA_ARRAY_1,0x00,0,0x4070BB77,01000000011100001011101101110111
DATA_ARRAY_1,0x01,1,0x718494CB,01110001100001001001010011001011
DATA_ARRAY_1,0x02,2,0xB2E20C44,10110010111000100000110001000100
DATA_ARRAY_1,0x03,3,0x7F30D70C,01111111001100001101011100001100
DATA_ARRAY_1,0x04,4,0x00DF30FC,00000000110111110011000011111100
DATA_ARRAY_1,0x05,5,0x74D00BB7,01110100110100000000101110110111
DATA_ARRAY_1,0x06,6,0x7280738C,01110010100000000111001110001100
DATA_ARRAY_1,0x07,7,0x84BC0F50,10000100101111000000111101010000
DATA_ARRAY_1,0x08,8,0x80707B7C,10000000011100000111101101111100
DATA_ARRAY_1,0x09,9,0xE8FBDAC2,11101000111110111101101011000010
DATA_ARRAY_1,0x0A,10,0x348F07C8,00110100100011110000011111001000
DATA_ARRAY_1,0x0B,11,0x010FB77B,00000001000011111011011101111011
DATA_ARRAY_1,0x0C,12,0x2F0028F0,00101111000000000010100011110000
DATA_ARRAY_1,0x0D,13,0xB3C04CE7,10110011110000000100110011100111
DATA_ARRAY_1,0x0E,14,0xC3420FA0,11000011010000100000111110100000
DATA_ARRAY_1,0x0F,15,0xB74C7747,10110111010011000111011101000111
DATA_ARRAY_1,0x10,16,0x2BCAFE77,00101011110010101111111001110111
DATA_ARRAY_1,0x11,17,0xA4FBDBE0,10100100111110111101101111100000
DATA_ARRAY_1,0x12,18,0xA003CF37,10100000000000111100111100110111
DATA_ARRAY_1,0x13,19,0xF8F400BB,11111000111101000000000010111011
DATA_ARRAY_1,0x14,20,0x040BC730,00000100000010111100011100110000
DATA_ARRAY_1,0x15,21,0x7D00B0B6,01111101000000001011000010110110
DATA_ARRAY_1,0x16,22,0xCBFB47BB,11001011111110110100011110111011
DATA_ARRAY_1,0x17,23,0x27B6B774,00100111101101101011011101110100
DATA_ARRAY_1,0x18,24,0x08BCE2F4,00001000101111001110001011110100
DATA_ARRAY_1,0x19,25,0x02C487AF,00000010110001001000011110101111
DATA_ARRAY_1,0x1A,26,0xD7005A30,11010111000000000101101000110000
DATA_ARRAY_1,0x1B,27,0x0CE0D00B,00001100111000001101000000001011
DATA_ARRAY_1,0x1C,28,0x5032B673,01010000001100101011011001110011
DATA_ARRAY_1,0x1D,29,0x8808B27A,10001000000010001011001001111010
DATA_ARRAY_1,0x1E,30,0x41484FF0,01000001010010000100111111110000
DATA_ARRAY_1,0x1F,31,0xC774442B,11000111011101000100010000101011
DATA_ARRAY_1,0x20,32,0xFF88D000,11111111100010001101000000000000
DATA_ARRAY_1,0x21,33,0x00E4700B,00000000111001000111000000001011
DATA_ARRAY_1,0x22,34,0x18A00038,00011000101000000000000000111000
DATA_ARRAY_1,0x23,35,0xC30F4880,11000011000011110100100010000000
DATA_ARRAY_1,0x24,36,0x80C24B00,10000000110000100100101100000000
DATA_ARRAY_1,0x25,37,0xC0400080,11000000010000000000000010000000
DATA_ARRAY_1,0x26,38,0x3707BF70,00110111000001111011111101110000
DATA_ARRAY_1,0x27,39,0x8FD00088,10001111110100000000000010001000
DATA_ARRAY_1,0x28,40,0x668F0F40,01100110100011110000111101000000
DATA_ARRAY_1,0x29,41,0xC000B000,11000000000000001011000000000000
DATA_ARRAY_1,0x2A,42,0x0B80FF00,00001011100000001111111100000000
DATA_ARRAY_1,0x2B,43,0x00082070,00000000000010000010000001110000
DATA_ARRAY_1,0x2C,44,0xCF080800,11001111000010000000100000000000
DATA_ARRAY_1,0x2D,45,0x30FF00F8,00110000111111110000000011111000
DATA_ARRAY_1,0x2E,46,0x7F008077,01111111000000001000000001110111
DATA_ARRAY_1,0x2F,47,0x0080C040,00000000100000001100000001000000
DATA_ARRAY_1,0x30,48,0x0840F03E,00001000010000001111000000111110
DATA_ARRAY_1,0x31,49,0x08FF6000,00001000111111110110000000000000
DATA_ARRAY_1,0x32,50,0x02408887,00000010010000001000100010000111
DATA_ARRAY_1,0x33,51,0x0000F800,00000000000000001111100000000000
DATA_ARRAY_1,0x34,52,0x00000000,00000000000000000000000000000000
DATA_ARRAY_1,0x35,53,0x00000000,00000000000000000000000000000000
DATA_ARRAY_1,0x36,54,0x00000000,00000000000000000000000000000000
DATA_ARRAY_1,0x37,55,0x00000000,00000000000000000000000000000000
DATA_ARRAY_1,0x38,56,0x00000000,00000000000000000000000000000000
DATA_ARRAY_1,0x39,57,0x00000000,00000000000000000000000000000000
DATA_ARRAY_1,0x3A,58,0x00000000,00000000000000000000000000000000
DATA_ARRAY_1,0x3B,59,0x33330000,00110011001100110000000000000000
DATA_ARRAY_1,0x3C,60,0x00303032,00000000001100000011000000110010
DATA_ARRAY_1,0x3D,61,0x00000000,00000000000000000000000000000000
DATA_ARRAY_1,0x3E,62,0x00000000,00000000000000000000000000000000
DATA_ARRAY_1,0x3F,63,0x4CCC0000,01001100110011000000000000000000
DATA_ARRAY_1,0x40,64,0x000C0C0C,00000000000011000000110000001100
DATA_ARRAY_1,0x41,65,0x00000000,00000000000000000000000000000000
DATA_ARRAY_1,0x42,66,0x00000000,00000000000000000000000000000000
DATA_ARRAY_1,0x43,67,0x0F330000,00001111001100110000000000000000
DATA_ARRAY_1,0x44,68,0x000000CF,00000000000000000000000011001111
DATA_ARRAY_1,0x45,69,0x00000000,00000000000000000000000000000000
DATA_ARRAY_1,0x46,70,0x00000000,00000000000000000000000000000000
DATA_ARRAY_1,0x47,71,0x00000000,00000000000000000000000000000000
DATA_ARRAY_1,0x48,72,0x00000000,00000000000000000000000000000000
DATA_ARRAY_1,0x49,73,0x00000000,00000000000000000000000000000000
DATA_ARRAY_1,0x4A,74,0x00000000,00000000000000000000000000000000
DATA_ARRAY_1,0x4B,75,0x00000000,00000000000000000000000000000000
DATA_ARRAY_1,0x4C,76,0x00000000,00000000000000000000000000000000
DATA_ARRAY_1,0x4D,77,0x00000000,00000000000000000000000000000000
DATA_ARRAY_1,0x4E,78,0x00000000,00000000000000000000000000000000
DATA_ARRAY_1,0x4F,79,0x00000000,00000000000000000000000000000000
DATA_ARRAY_1,0x50,80,0x00000000,00000000000000000000000000000000
DATA_ARRAY_1,0x51,81,0x00000000,00000000000000000000000000000000
DATA_ARRAY_1,0x52,82,0x00000000,00000000000000000000000000000000
DATA_ARRAY_1,0x53,83,0x00000000,00000000000000000000000000000000
DATA_ARRAY_1,0x54,84,0x00000000,00000000000000000000000000000000
DATA_ARRAY_1,0x55,85,0x00000000,00000000000000000000000000000000
DATA_ARRAY_1,0x56,86,0x00000000,00000000000000000000000000000000
DATA_ARRAY_1,0x57,87,0x00000000,00000000000000000000000000000000
DATA_ARRAY_1,0x58,88,0x00000000,00000000000000000000000000000000
DATA_ARRAY_1,0x59,89,0x00000000,00000000000000000000000000000000
DATA_ARRAY_1,0x5A,90,0x00000000,00000000000000000000000000000000
DATA_ARRAY_1,0x5B,91,0x00000000,00000000000000000000000000000000
DATA_ARRAY_1,0x5C,92,0x00000000,00000000000000000000000000000000
DATA_ARRAY_1,0x5D,93,0x00000000,00000000000000000000000000000000
DATA_ARRAY_1,0x5E,94,0x00000000,00000000000000000000000000000000
DATA_ARRAY_1,0x5F,95,0x00000000,00000000000000000000000000000000
DATA_ARRAY_1,0x60,96,0x00000000,00000000000000000000000000000000
DATA_ARRAY_1,0x61,97,0x00000000,00000000000000000000000000000000
DATA_ARRAY_1,0x62,98,0x00000000,00000000000000000000000000000000
DATA_ARRAY_1,0x63,99,0x00000000,00000000000000000000000000000000
DATA_ARRAY_1,0x64,100,0x00000000,00000000000000000000000000000000
DATA_ARRAY_1,0x65,101,0x00000000,00000000000000000000000000000000
DATA_ARRAY_1,0x66,102,0x00000000,00000000000000000000000000000000
DATA_ARRAY_1,0x67,103,0x00000000,00000000000000000000000000000000
DATA_ARRAY_1,0x68,104,0x00000000,00000000000000000000000000000000
DATA_ARRAY_1,0x69,105,0x00000000,00000000000000000000000000000000
DATA_ARRAY_1,0x6A,106,0x00000000,00000000000000000000000000000000
DATA_ARRAY_1,0x6B,107,0x00000000,00000000000000000000000000000000
DATA_ARRAY_1,0x6C,108,0x00000000,00000000000000000000000000000000
DATA_ARRAY_1,0x6D,109,0x00000000,00000000000000000000000000000000
DATA_ARRAY_1,0x6E,110,0x00000000,00000000000000000000000000000000
DATA_ARRAY_1,0x6F,111,0x00000000,00000000000000000000000000000000
DATA_ARRAY_1,0x70,112,0x00000000,00000000000000000000000000000000
DATA_ARRAY_1,0x71,113,0x00000000,00000000000000000000000000000000
DATA_ARRAY_1,0x72,114,0x00000000,00000000000000000000000000000000
DATA_ARRAY_1,0x73,115,0x00000000,00000000000000000000000000000000
DATA_ARRAY_1,0x74,116,0x00000000,00000000000000000000000000000000
DATA_ARRAY_1,0x75,117,0x00000000,00000000000000000000000000000000
DATA_ARRAY_1,0x76,118,0x00000000,00000000000000000000000000000000
DATA_ARRAY_1,0x77,119,0x00000000,00000000000000000000000000000000
DATA_ARRAY_1,0x78,120,0x00000000,00000000000000000000000000000000
DATA_ARRAY_1,0x79,121,0x00000000,00000000000000000000000000000000
DATA_ARRAY_1,0x7A,122,0x00000000,00000000000000000000000000000000
DATA_ARRAY_1,0x7B,123,0x00000000,00000000000000000000000000000000
DATA_ARRAY_1,0x7C,124,0x00000000,00000000000000000000000000000000
DATA_ARRAY_1,0x7D,125,0x00000000,00000000000000000000000000000000
DATA_ARRAY_1,0x7E,126,0x00000000,00000000000000000000000000000000
DATA_ARRAY_1,0x7F,127,0x00000000,00000000000000000000000000000000
DATA_ARRAY_1,0x80,128,0x00000000,00000000000000000000000000000000
DATA_ARRAY_1,0x81,129,0x00000000,00000000000000000000000000000000
DATA_ARRAY_1,0x82,130,0x00000000,00000000000000000000000000000000
DATA_ARRAY_1,0x83,131,0x00000000,00000000000000000000000000000000
DATA_ARRAY_1,0x84,132,0x00000000,00000000000000000000000000000000
DATA_ARRAY_1,0x85,133,0x00000000,00000000000000000000000000000000
DATA_ARRAY_1,0x86,134,0x00000000,00000000000000000000000000000000
DATA_ARRAY_1,0x87,135,0x00000000,00000000000000000000000000000000
DATA_ARRAY_1,0x88,136,0x00000000,00000000000000000000000000000000
DATA_ARRAY_1,0x89,137,0x00000000,00000000000000000000000000000000
DATA_ARRAY_1,0x8A,138,0x00000000,00000000000000000000000000000000
DATA_ARRAY_1,0x8B,139,0x00000000,00000000000000000000000000000000
DATA_ARRAY_1,0x8C,140,0x00000000,00000000000000000000000000000000
DATA_ARRAY_1,0x8D,141,0x00000000,00000000000000000000000000000000
DATA_ARRAY_1,0x8E,142,0x00000000,00000000000000000000000000000000
DATA_ARRAY_1,0x8F,143,0x00000000,00000000000000000000000000000000
DATA_ARRAY_1,0x90,144,0x00000000,00000000000000000000000000000000
DATA_ARRAY_1,0x91,145,0x00000000,00000000000000000000000000000000
DATA_ARRAY_1,0x92,146,0x00000000,00000000000000000000000000000000
DATA_ARRAY_1,0x93,147,0x00000000,00000000000000000000000000000000
DATA_ARRAY_1,0x94,148,0x00000000,00000000000000000000000000000000
DATA_ARRAY_1,0x95,149,0x00000000,00000000000000000000000000000000
DATA_ARRAY_1,0x96,150,0x00000000,00000000000000000000000000000000
DATA_ARRAY_1,0x97,151,0x00000000,00000000000000000000000000000000
DATA_ARRAY_1,0x98,152,0x00000000,00000000000000000000000000000000
DATA_ARRAY_1,0x99,153,0x00000000,00000000000000000000000000000000
DATA_ARRAY_1,0x9A,154,0x00000000,00000000000000000000000000000000
DATA_ARRAY_1,0x9B,155,0x00000000,00000000000000000000000000000000
DATA_ARRAY_1,0x9C,156,0x00000000,00000000000000000000000000000000
DATA_ARRAY_1,0x9D,157,0x00000000,00000000000000000000000000000000
DATA_ARRAY_1,0x9E,158,0x00000000,00000000000000000000000000000000
DATA_ARRAY_1,0x9F,159,0x00000000,00000000000000000000000000000000
DATA_ARRAY_1,0xA0,160,0x00000000,00000000000000000000000000000000
DATA_ARRAY_1,0xA1,161,0x00000000,00000000000000000000000000000000
DATA_ARRAY_1,0xA2,162,0x00000000,00000000000000000000000000000000
DATA_ARRAY_1,0xA3,163,0x00000000,00000000000000000000000000000000
DATA_ARRAY_1,0xA4,164,0x00000000,00000000000000000000000000000000
DATA_ARRAY_1,0xA5,165,0x00000000,00000000000000000000000000000000
DATA_ARRAY_1,0xA6,166,0x00000000,00000000000000000000000000000000
DATA_ARRAY_1,0xA7,167,0x00000000,00000000000000000000000000000000
DATA_ARRAY_1,0xA8,168,0x00000000,00000000000000000000000000000000
DATA_ARRAY_1,0xA9,169,0x00000000,00000000000000000000000000000000
DATA_ARRAY_1,0xAA,170,0x00000000,00000000000000000000000000000000
DATA_ARRAY_1,0xAB,171,0x00000000,00000000000000000000000000000000
DATA_ARRAY_1,0xAC,172,0x00000000,00000000000000000000000000000000
DATA_ARRAY_1,0xAD,173,0x00000000,00000000000000000000000000000000
DATA_ARRAY_1,0xAE,174,0x00000000,00000000000000000000000000000000
DATA_ARRAY_1,0xAF,175,0x00000000,00000000000000000000000000000000
DATA_ARRAY_1,0xB0,176,0x00000000,00000000000000000000000000000000
DATA_ARRAY_1,0xB1,177,0x00000000,00000000000000000000000000000000
DATA_ARRAY_1,0xB2,178,0x00000000,00000000000000000000000000000000
DATA_ARRAY_1,0xB3,179,0x00000000,00000000000000000000000000000000
DATA_ARRAY_1,0xB4,180,0x00000000,00000000000000000000000000000000
DATA_ARRAY_1,0xB5,181,0x00000000,00000000000000000000000000000000
DATA_ARRAY_1,0xB6,182,0x00000000,00000000000000000000000000000000
DATA_ARRAY_1,0xB7,183,0x00000000,00000000000000000000000000000000
DATA_ARRAY_1,0xB8,184,0x00000000,00000000000000000000000000000000
DATA_ARRAY_1,0xB9,185,0x00000000,00000000000000000000000000000000
DATA_ARRAY_1,0xBA,186,0x00000000,00000000000000000000000000000000
DATA_ARRAY_1,0xBB,187,0x00000000,00000000000000000000000000000000
DATA_ARRAY_1,0xBC,188,0x00000000,00000000000000000000000000000000
DATA_ARRAY_1,0xBD,189,0x00000000,00000000000000000000000000000000
DATA_ARRAY_1,0xBE,190,0x00000000,00000000000000000000000000000000
DATA_ARRAY_1,0xBF,191,0x00000000,00000000000000000000000000000000
DATA_ARRAY_1,0xC0,192,0x00000000,00000000000000000000000000000000
DATA_ARRAY_1,0xC1,193,0x00000000,00000000000000000000000000000000
DATA_ARRAY_1,0xC2,194,0x00000000,00000000000000000000000000000000
DATA_ARRAY_1,0xC3,195,0x00000000,00000000000000000000000000000000
DATA_ARRAY_1,0xC4,196,0x00000000,00000000000000000000000000000000
DATA_ARRAY_1,0xC5,197,0x00000000,00000000000000000000000000000000
DATA_ARRAY_1,0xC6,198,0x00000000,00000000000000000000000000000000
DATA_ARRAY_1,0xC7,199,0x00000000,00000000000000000000000000000000
DATA_ARRAY_1,0xC8,200,0x00000000,00000000000000000000000000000000
DATA_ARRAY_1,0xC9,201,0x00000000,00000000000000000000000000000000
DATA_ARRAY_1,0xCA,202,0x00000000,00000000000000000000000000000000
DATA_ARRAY_1,0xCB,203,0x00000000,00000000000000000000000000000000
DATA_ARRAY_1,0xCC,204,0x00000000,00000000000000000000000000000000
DATA_ARRAY_1,0xCD,205,0x00000000,00000000000000000000000000000000
DATA_ARRAY_1,0xCE,206,0x00000000,00000000000000000000000000000000
DATA_ARRAY_1,0xCF,207,0x00000000,00000000000000000000000000000000
DATA_ARRAY_1,0xD0,208,0x00000000,00000000000000000000000000000000
DATA_ARRAY_1,0xD1,209,0x00000000,00000000000000000000000000000000
DATA_ARRAY_1,0xD2,210,0x00000000,00000000000000000000000000000000
DATA_ARRAY_1,0xD3,211,0x00000000,00000000000000000000000000000000
DATA_ARRAY_1,0xD4,212,0x00000000,00000000000000000000000000000000
DATA_ARRAY_1,0xD5,213,0x00000000,00000000000000000000000000000000
DATA_ARRAY_1,0xD6,214,0x00000000,00000000000000000000000000000000
DATA_ARRAY_1,0xD7,215,0x00000000,00000000000000000000000000000000
DATA_ARRAY_1,0xD8,216,0x00000000,00000000000000000000000000000000
DATA_ARRAY_1,0xD9,217,0x00000000,00000000000000000000000000000000
DATA_ARRAY_1,0xDA,218,0x00000000,00000000000000000000000000000000
DATA_ARRAY_1,0xDB,219,0x00000000,00000000000000000000000000000000
DATA_ARRAY_1,0xDC,220,0x00000000,00000000000000000000000000000000
DATA_ARRAY_1,0xDD,221,0x00000000,00000000000000000000000000000000
DATA_ARRAY_1,0xDE,222,0x00000000,00000000000000000000000000000000
DATA_ARRAY_1,0xDF,223,0x00000000,00000000000000000000000000000000
DATA_ARRAY_1,0xE0,224,0x00000000,00000000000000000000000000000000
DATA_ARRAY_1,0xE1,225,0x00000000,00000000000000000000000000000000
DATA_ARRAY_1,0xE2,226,0x00000000,00000000000000000000000000000000
DATA_ARRAY_1,0xE3,227,0x00000000,00000000000000000000000000000000
DATA_ARRAY_1,0xE4,228,0x00000000,00000000000000000000000000000000
DATA_ARRAY_1,0xE5,229,0x00000000,00000000000000000000000000000000
DATA_ARRAY_1,0xE6,230,0x00000000,00000000000000000000000000000000
DATA_ARRAY_1,0xE7,231,0x00000000,00000000000000000000000000000000
DATA_ARRAY_1,0xE8,232,0x00000000,00000000000000000000000000000000
DATA_ARRAY_1,0xE9,233,0x00000000,00000000000000000000000000000000
DATA_ARRAY_1,0xEA,234,0x00000000,00000000000000000000000000000000
DATA_ARRAY_1,0xEB,235,0x00000000,00000000000000000000000000000000
DATA_ARRAY_1,0xEC,236,0x00000000,00000000000000000000000000000000
DATA_ARRAY_1,0xED,237,0x00000000,00000000000000000000000000000000
DATA_ARRAY_1,0xEE,238,0x00000000,00000000000000000000000000000000
DATA_ARRAY_1,0xEF,239,0x00000000,00000000000000000000000000000000
DATA_ARRAY_1,0xF0,240,0x00000000,00000000000000000000000000000000
DATA_ARRAY_1,0xF1,241,0x00000000,00000000000000000000000000000000
DATA_ARRAY_1,0xF2,242,0x00000000,00000000000000000000000000000000
DATA_ARRAY_1,0xF3,243,0x00000000,00000000000000000000000000000000
DATA_ARRAY_1,0xF4,244,0x00000000,00000000000000000000000000000000
DATA_ARRAY_1,0xF5,245,0x00000000,00000000000000000000000000000000
DATA_ARRAY_1,0xF6,246,0x00000000,00000000000000000000000000000000
DATA_ARRAY_1,0xF7,247,0x00000000,00000000000000000000000000000000
DATA_ARRAY_1,0xF8,248,0x00000000,00000000000000000000000000000000
DATA_ARRAY_1,0xF9,249,0x00000000,00000000000000000000000000000000
DATA_ARRAY_1,0xFA,250,0x00000000,00000000000000000000000000000000
DATA_ARRAY_1,0xFB,251,0x00000000,00000000000000000000000000000000
DATA_ARRAY_1,0xFC,252,0x00000000,00000000000000000000000000000000
DATA_ARRAY_1,0xFD,253,0x00000000,00000000000000000000000000000000
DATA_ARRAY_1,0xFE,254,0x00000000,00000000000000000000000000000000
DATA_ARRAY_1,0xFF,255,0x00000000,00000000000000000000000000000000
